hoja,presente_en_exportacion,filas_con_valores_sin_cabecera,cabeceras,fecha_revision,importar_a_bd,observaciones
USUARIOS,SI,10,ID_Usuario; PasswordHash; Rol; Confirmado; Activado; Email,2026-09-10,NO,Referencia estructural; sin auditoria de calidad
Asistencia,SI,17,Fecha; IDD; ID_Jugador; Nombre; Asistio,2026-09-10,NO,Referencia estructural; sin auditoria de calidad
JUGADORES_GENERAL,SI,9,ID; Nombre; Apellido; eMail; Fnac; Colegio,2026-09-10,NO,Referencia estructural; sin auditoria de calidad
JUGADORES_DEPORTES,SI,11,IDJ; ID_Jugador; IDD; Categoria; Camiseta,2026-09-10,NO,Referencia estructural; sin auditoria de calidad
PARTIDOS,SI,12,IDP; Local; Visitante; Deporte; Categoria; Fecha; Hora; GolesLocal; GolesVisitante; Estado,2026-09-10,NO,Referencia estructural; sin auditoria de calidad
EQUIPOS,SI,2,IDEQUIPO; Nombre,2026-09-10,NO,Referencia estructural; sin auditoria de calidad
CONVOCATORIAS,SI,17,IDP; ID_Jugador; Convocado; Titular; Confirmado,2026-09-10,NO,Referencia estructural; sin auditoria de calidad
ESTADISTICAS_PARTIDOS,SI,9,IDP; ID_Goleador; ID_Asistidor,2026-09-10,NO,Referencia estructural; sin auditoria de calidad
DEPORTES,NO,NO_APLICA,,2026-09-10,NO,Documentada pero ausente en la exportacion
